{"AGE_YEARS":43.1643835616,"YEARS_EMPLOYED":4.5095890411,"AMT_INCOME_TOTAL":146250.0,"AMT_CREDIT":514777.5,"AMT_ANNUITY":24903.0,"CREDIT_INCOME_RATIO":3.2650666667,"ANNUITY_INCOME_RATIO":0.1627788889,"CREDIT_TERM":0.05,"CNT_CHILDREN":0.0}